Status,Race,School
Admitted,American Indian/Alaskan Native,School 2
Admitted,American Indian/Alaskan Native,School 1
Admitted,American Indian/Alaskan Native,School 2
Admitted,American Indian/Alaskan Native,School 3
Admitted,American Indian/Alaskan Native,School 3
Admitted,American Indian/Alaskan Native,School 2
Admitted,American Indian/Alaskan Native,School 1
Admitted,American Indian/Alaskan Native,School 1
Admitted,American Indian/Alaskan Native,School 3
Admitted,American Indian/Alaskan Native,School 1
Admitted,American Indian/Alaskan Native,School 2
Admitted,American Indian/Alaskan Native,School 3
Admitted,American Indian/Alaskan Native,School 2
Admitted,American Indian/Alaskan Native,School 1
Admitted,American Indian/Alaskan Native,School 2
Admitted,American Indian/Alaskan Native,School 2
Admitted,American Indian/Alaskan Native,School 1
Admitted,American Indian/Alaskan Native,School 1
Admitted,American Indian/Alaskan Native,School 2
Admitted,American Indian/Alaskan Native,School 2
Admitted,American Indian/Alaskan Native,School 3
Admitted,American Indian/Alaskan Native,School 1
Admitted,American Indian/Alaskan Native,School 1
Admitted,American Indian/Alaskan Native,School 2
Admitted,American Indian/Alaskan Native,School 1
Admitted,American Indian/Alaskan Native,School 2
Admitted,Asian,School 3
Admitted,Asian,School 2
Admitted,Asian,School 2
Admitted,Asian,School 2
Admitted,Asian,School 3
Admitted,Asian,School 1
Admitted,Asian,School 3
Admitted,Asian,School 2
Admitted,Asian,School 2
Admitted,Asian,School 3
Admitted,Asian,School 2
Admitted,Asian,School 3
Admitted,Asian,School 3
Admitted,Asian,School 3
Admitted,Asian,School 3
Admitted,Asian,School 3
Admitted,Asian,School 1
Admitted,Asian,School 2
Admitted,Asian,School 2
Admitted,Asian,School 1
Admitted,Asian,School 2
Admitted,Asian,School 3
Admitted,Asian,School 3
Admitted,Asian,School 1
Admitted,Asian,School 2
Admitted,Asian,School 1
Admitted,Asian,School 3
Admitted,Asian,School 3
Admitted,Asian,School 1
Admitted,Asian,School 2
Admitted,Asian,School 3
Admitted,Asian,School 3
Admitted,Asian,School 2
Admitted,Asian,School 2
Admitted,Asian,School 1
Admitted,Asian,School 2
Admitted,Asian,School 2
Admitted,Asian,School 1
Admitted,Asian,School 2
Admitted,Asian,School 1
Admitted,Asian,School 2
Admitted,Asian,School 1
Admitted,Asian,School 2
Admitted,Asian,School 2
Admitted,Asian,School 1
Admitted,Asian,School 3
Admitted,Asian,School 1
Admitted,Asian,School 1
Admitted,Asian,School 3
Admitted,Asian,School 3
Admitted,Asian,School 2
Admitted,Asian,School 1
Admitted,Asian,School 1
Admitted,Asian,School 2
Admitted,Asian,School 3
Admitted,Asian,School 3
Admitted,Asian,School 3
Admitted,Asian,School 1
Admitted,Asian,School 2
Admitted,Asian,School 1
Admitted,Asian,School 2
Admitted,Asian,School 1
Admitted,Asian,School 3
Admitted,Asian,School 1
Admitted,Asian,School 3
Admitted,Asian,School 2
Admitted,Asian,School 2
Admitted,Asian,School 1
Admitted,Asian,School 2
Admitted,Asian,School 2
Admitted,Asian,School 2
Admitted,Asian,School 1
Admitted,Asian,School 3
Admitted,Asian,School 1
Admitted,Asian,School 2
Admitted,Asian,School 3
Admitted,Asian,School 2
Admitted,Asian,School 1
Admitted,Asian,School 1
Admitted,Asian,School 1
Admitted,Asian,School 1
Admitted,Asian,School 2
Admitted,Asian,School 3
Admitted,Asian,School 2
Admitted,Asian,School 2
Admitted,Asian,School 1
Admitted,Asian,School 1
Admitted,Asian,School 3
Admitted,Asian,School 1
Admitted,Asian,School 3
Admitted,Black/African American,School 1
Admitted,Black/African American,School 3
Admitted,Black/African American,School 2
Admitted,Black/African American,School 3
Admitted,Black/African American,School 1
Admitted,Black/African American,School 2
Admitted,Black/African American,School 3
Admitted,Black/African American,School 1
Admitted,Black/African American,School 2
Admitted,Black/African American,School 1
Admitted,Black/African American,School 1
Admitted,Black/African American,School 2
Admitted,Black/African American,School 2
Admitted,Black/African American,School 1
Admitted,Black/African American,School 2
Admitted,Black/African American,School 2
Admitted,Black/African American,School 3
Admitted,Black/African American,School 2
Admitted,Black/African American,School 2
Admitted,Black/African American,School 1
Admitted,Black/African American,School 2
Admitted,Black/African American,School 1
Admitted,Black/African American,School 3
Admitted,Black/African American,School 2
Admitted,Black/African American,School 1
Admitted,Black/African American,School 3
Admitted,Black/African American,School 3
Admitted,Black/African American,School 1
Admitted,Black/African American,School 2
Admitted,Black/African American,School 1
Admitted,Black/African American,School 2
Admitted,Black/African American,School 2
Admitted,Black/African American,School 3
Admitted,Black/African American,School 1
Admitted,Black/African American,School 3
Admitted,Black/African American,School 2
Admitted,Black/African American,School 1
Admitted,Black/African American,School 1
Admitted,Black/African American,School 1
Admitted,Black/African American,School 2
Admitted,Black/African American,School 3
Admitted,Black/African American,School 1
Admitted,Black/African American,School 3
Admitted,Black/African American,School 1
Admitted,Black/African American,School 3
Admitted,Black/African American,School 1
Admitted,Black/African American,School 2
Admitted,Black/African American,School 2
Admitted,Black/African American,School 3
Admitted,Black/African American,School 1
Admitted,Black/African American,School 3
Admitted,Black/African American,School 3
Admitted,Black/African American,School 2
Admitted,Black/African American,School 1
Admitted,Black/African American,School 2
Admitted,Black/African American,School 3
Admitted,Black/African American,School 3
Admitted,Black/African American,School 3
Admitted,Black/African American,School 3
Admitted,Black/African American,School 3
Admitted,Black/African American,School 1
Admitted,Black/African American,School 2
Admitted,Black/African American,School 1
Admitted,Black/African American,School 3
Admitted,Black/African American,School 2
Admitted,Black/African American,School 2
Admitted,Black/African American,School 2
Admitted,Black/African American,School 3
Admitted,Black/African American,School 3
Admitted,Black/African American,School 2
Admitted,Black/African American,School 3
Admitted,Black/African American,School 3
Admitted,Black/African American,School 2
Admitted,Black/African American,School 1
Admitted,Black/African American,School 1
Admitted,Black/African American,School 3
Admitted,Black/African American,School 2
Admitted,Black/African American,School 3
Admitted,Black/African American,School 1
Admitted,Black/African American,School 1
Admitted,Black/African American,School 2
Admitted,Black/African American,School 3
Admitted,Black/African American,School 2
Admitted,Black/African American,School 1
Admitted,Black/African American,School 2
Admitted,Black/African American,School 1
Admitted,Black/African American,School 1
Admitted,Black/African American,School 2
Admitted,Black/African American,School 2
Admitted,Black/African American,School 1
Admitted,Black/African American,School 1
Admitted,Black/African American,School 1
Admitted,Black/African American,School 2
Admitted,Black/African American,School 2
Admitted,Black/African American,School 3
Admitted,Black/African American,School 3
Admitted,Black/African American,School 1
Admitted,Black/African American,School 1
Admitted,Black/African American,School 3
Admitted,Black/African American,School 1
Admitted,Black/African American,School 2
Admitted,Black/African American,School 3
Admitted,Black/African American,School 2
Admitted,Black/African American,School 3
Admitted,Black/African American,School 1
Admitted,Black/African American,School 3
Admitted,Black/African American,School 1
Admitted,Black/African American,School 3
Admitted,Black/African American,School 1
Admitted,Black/African American,School 3
Admitted,Black/African American,School 1
Admitted,Black/African American,School 3
Admitted,Black/African American,School 2
Admitted,Black/African American,School 2
Admitted,Black/African American,School 2
Admitted,Black/African American,School 1
Admitted,Black/African American,School 1
Admitted,Black/African American,School 2
Admitted,Black/African American,School 2
Admitted,Black/African American,School 1
Admitted,Black/African American,School 1
Admitted,Black/African American,School 3
Admitted,Black/African American,School 2
Admitted,Black/African American,School 2
Admitted,Black/African American,School 3
Admitted,Black/African American,School 2
Admitted,Black/African American,School 2
Admitted,Black/African American,School 1
Admitted,Black/African American,School 2
Admitted,Black/African American,School 1
Admitted,Black/African American,School 2
Admitted,Black/African American,School 1
Admitted,Black/African American,School 2
Admitted,Caucasian/White,School 2
Admitted,Caucasian/White,School 1
Admitted,Caucasian/White,School 1
Admitted,Caucasian/White,School 2
Admitted,Caucasian/White,School 3
Admitted,Caucasian/White,School 3
Admitted,Caucasian/White,School 2
Admitted,Caucasian/White,School 2
Admitted,Caucasian/White,School 3
Admitted,Caucasian/White,School 1
Admitted,Caucasian/White,School 3
Admitted,Caucasian/White,School 2
Admitted,Caucasian/White,School 2
Admitted,Caucasian/White,School 2
Admitted,Caucasian/White,School 3
Admitted,Caucasian/White,School 1
Admitted,Caucasian/White,School 2
Admitted,Caucasian/White,School 2
Admitted,Caucasian/White,School 3
Admitted,Caucasian/White,School 2
Admitted,Caucasian/White,School 1
Admitted,Caucasian/White,School 3
Admitted,Caucasian/White,School 3
Admitted,Caucasian/White,School 2
Admitted,Caucasian/White,School 2
Admitted,Caucasian/White,School 1
Admitted,Caucasian/White,School 1
Admitted,Caucasian/White,School 2
Admitted,Caucasian/White,School 3
Admitted,Caucasian/White,School 1
Admitted,Caucasian/White,School 3
Admitted,Caucasian/White,School 3
Admitted,Caucasian/White,School 1
Admitted,Caucasian/White,School 1
Admitted,Caucasian/White,School 2
Admitted,Caucasian/White,School 3
Admitted,Caucasian/White,School 3
Admitted,Caucasian/White,School 3
Admitted,Caucasian/White,School 1
Admitted,Caucasian/White,School 1
Admitted,Caucasian/White,School 3
Admitted,Caucasian/White,School 2
Admitted,Caucasian/White,School 1
Admitted,Caucasian/White,School 3
Admitted,Caucasian/White,School 2
Admitted,Caucasian/White,School 3
Admitted,Caucasian/White,School 2
Admitted,Caucasian/White,School 2
Admitted,Caucasian/White,School 1
Admitted,Caucasian/White,School 1
Admitted,Caucasian/White,School 2
Admitted,Caucasian/White,School 1
Admitted,Caucasian/White,School 2
Admitted,Caucasian/White,School 3
Admitted,Caucasian/White,School 3
Admitted,Caucasian/White,School 1
Admitted,Caucasian/White,School 2
Admitted,Caucasian/White,School 3
Admitted,Caucasian/White,School 1
Admitted,Caucasian/White,School 2
Admitted,Caucasian/White,School 1
Admitted,Caucasian/White,School 3
Admitted,Caucasian/White,School 2
Admitted,Caucasian/White,School 1
Admitted,Caucasian/White,School 1
Admitted,Caucasian/White,School 2
Admitted,Caucasian/White,School 3
Admitted,Caucasian/White,School 2
Admitted,Caucasian/White,School 2
Admitted,Caucasian/White,School 2
Admitted,Caucasian/White,School 2
Admitted,Caucasian/White,School 1
Admitted,Caucasian/White,School 1
Admitted,Caucasian/White,School 2
Admitted,Caucasian/White,School 1
Admitted,Caucasian/White,School 1
Admitted,Caucasian/White,School 1
Admitted,Caucasian/White,School 2
Admitted,Caucasian/White,School 2
Admitted,Caucasian/White,School 3
Admitted,Caucasian/White,School 2
Admitted,Caucasian/White,School 3
Admitted,Caucasian/White,School 2
Admitted,Caucasian/White,School 1
Admitted,Caucasian/White,School 2
Admitted,Caucasian/White,School 1
Admitted,Caucasian/White,School 1
Admitted,Caucasian/White,School 1
Admitted,Caucasian/White,School 1
Admitted,Caucasian/White,School 3
Admitted,Caucasian/White,School 3
Admitted,Caucasian/White,School 2
Admitted,Caucasian/White,School 3
Admitted,Caucasian/White,School 3
Admitted,Caucasian/White,School 3
Admitted,Caucasian/White,School 1
Admitted,Caucasian/White,School 3
Admitted,Caucasian/White,School 3
Admitted,Caucasian/White,School 3
Admitted,Caucasian/White,School 3
Admitted,Caucasian/White,School 1
Admitted,Caucasian/White,School 1
Admitted,Caucasian/White,School 2
Admitted,Caucasian/White,School 1
Admitted,Caucasian/White,School 3
Admitted,Caucasian/White,School 1
Admitted,Caucasian/White,School 1
Admitted,Caucasian/White,School 3
Admitted,Caucasian/White,School 1
Admitted,Caucasian/White,School 3
Admitted,Caucasian/White,School 1
Admitted,Caucasian/White,School 2
Admitted,Caucasian/White,School 1
Admitted,Caucasian/White,School 3
Admitted,Caucasian/White,School 1
Admitted,Caucasian/White,School 3
Admitted,Caucasian/White,School 3
Admitted,Caucasian/White,School 2
Admitted,Caucasian/White,School 2
Admitted,Caucasian/White,School 2
Admitted,Caucasian/White,School 3
Admitted,Caucasian/White,School 3
Admitted,Caucasian/White,School 3
Admitted,Caucasian/White,School 3
Admitted,Caucasian/White,School 3
Admitted,Caucasian/White,School 3
Admitted,Caucasian/White,School 3
Admitted,Caucasian/White,School 1
Admitted,Caucasian/White,School 1
Admitted,Caucasian/White,School 3
Admitted,Caucasian/White,School 1
Admitted,Caucasian/White,School 2
Admitted,Caucasian/White,School 2
Admitted,Caucasian/White,School 2
Admitted,Caucasian/White,School 3
Admitted,Caucasian/White,School 2
Admitted,Caucasian/White,School 2
Admitted,Caucasian/White,School 2
Admitted,Caucasian/White,School 1
Admitted,Caucasian/White,School 1
Admitted,Caucasian/White,School 1
Admitted,Caucasian/White,School 1
Admitted,Caucasian/White,School 2
Admitted,Caucasian/White,School 3
Admitted,Caucasian/White,School 1
Admitted,Caucasian/White,School 2
Admitted,Caucasian/White,School 1
Admitted,Caucasian/White,School 2
Admitted,Caucasian/White,School 2
Admitted,Caucasian/White,School 3
Admitted,Caucasian/White,School 1
Admitted,Caucasian/White,School 1
Admitted,Caucasian/White,School 2
Admitted,Caucasian/White,School 1
Admitted,Caucasian/White,School 2
Admitted,Caucasian/White,School 2
Admitted,Caucasian/White,School 3
Admitted,Caucasian/White,School 3
Admitted,Caucasian/White,School 1
Admitted,Caucasian/White,School 2
Admitted,Caucasian/White,School 2
Admitted,Caucasian/White,School 2
Admitted,Caucasian/White,School 3
Admitted,Caucasian/White,School 2
Admitted,Caucasian/White,School 3
Admitted,Caucasian/White,School 2
Admitted,Caucasian/White,School 2
Admitted,Caucasian/White,School 1
Admitted,Caucasian/White,School 3
Admitted,Caucasian/White,School 2
Admitted,Caucasian/White,School 1
Admitted,Caucasian/White,School 3
Admitted,Caucasian/White,School 2
Admitted,Caucasian/White,School 2
Admitted,Caucasian/White,School 3
Admitted,Caucasian/White,School 2
Admitted,Caucasian/White,School 2
Admitted,Caucasian/White,School 1
Admitted,Caucasian/White,School 2
Admitted,Caucasian/White,School 2
Admitted,Caucasian/White,School 1
Admitted,Caucasian/White,School 2
Admitted,Caucasian/White,School 3
Admitted,Caucasian/White,School 2
Admitted,Caucasian/White,School 3
Admitted,Caucasian/White,School 2
Admitted,Caucasian/White,School 3
Admitted,Caucasian/White,School 3
Admitted,Caucasian/White,School 3
Admitted,Caucasian/White,School 1
Admitted,Caucasian/White,School 1
Admitted,Caucasian/White,School 2
Admitted,Caucasian/White,School 2
Admitted,Caucasian/White,School 3
Admitted,Caucasian/White,School 1
Admitted,Caucasian/White,School 1
Admitted,Caucasian/White,School 3
Admitted,Caucasian/White,School 3
Admitted,Caucasian/White,School 1
Admitted,Caucasian/White,School 1
Admitted,Caucasian/White,School 3
Admitted,Caucasian/White,School 2
Admitted,Caucasian/White,School 3
Admitted,Caucasian/White,School 1
Admitted,Caucasian/White,School 2
Admitted,Caucasian/White,School 3
Admitted,Caucasian/White,School 2
Admitted,Caucasian/White,School 2
Admitted,Caucasian/White,School 3
Admitted,Caucasian/White,School 3
Admitted,Caucasian/White,School 3
Admitted,Caucasian/White,School 3
Admitted,Caucasian/White,School 2
Admitted,Caucasian/White,School 1
Admitted,Caucasian/White,School 1
Admitted,Caucasian/White,School 1
Admitted,Caucasian/White,School 2
Admitted,Caucasian/White,School 1
Admitted,Caucasian/White,School 2
Admitted,Caucasian/White,School 3
Admitted,Caucasian/White,School 2
Admitted,Caucasian/White,School 3
Admitted,Caucasian/White,School 3
Admitted,Caucasian/White,School 1
Admitted,Caucasian/White,School 3
Admitted,Caucasian/White,School 3
Admitted,Caucasian/White,School 1
Admitted,Caucasian/White,School 3
Admitted,Caucasian/White,School 2
Admitted,Caucasian/White,School 1
Admitted,Caucasian/White,School 3
Admitted,Caucasian/White,School 2
Admitted,Caucasian/White,School 1
Admitted,Caucasian/White,School 3
Admitted,Caucasian/White,School 2
Admitted,Caucasian/White,School 2
Admitted,Caucasian/White,School 3
Admitted,Caucasian/White,School 2
Admitted,Caucasian/White,School 2
Admitted,Caucasian/White,School 2
Admitted,Caucasian/White,School 3
Admitted,Caucasian/White,School 3
Admitted,Caucasian/White,School 1
Admitted,Caucasian/White,School 1
Admitted,Caucasian/White,School 3
Admitted,Caucasian/White,School 3
Admitted,Caucasian/White,School 2
Admitted,Caucasian/White,School 1
Admitted,Caucasian/White,School 2
Admitted,Caucasian/White,School 3
Admitted,Caucasian/White,School 2
Admitted,Caucasian/White,School 2
Admitted,Caucasian/White,School 3
Admitted,Caucasian/White,School 3
Admitted,Caucasian/White,School 1
Admitted,Caucasian/White,School 2
Admitted,Caucasian/White,School 3
Admitted,Caucasian/White,School 2
Admitted,Caucasian/White,School 2
Admitted,Caucasian/White,School 3
Admitted,Caucasian/White,School 1
Admitted,Caucasian/White,School 2
Admitted,Caucasian/White,School 2
Admitted,Caucasian/White,School 2
Admitted,Caucasian/White,School 3
Admitted,Caucasian/White,School 2
Admitted,Caucasian/White,School 1
Admitted,Caucasian/White,School 3
Admitted,Caucasian/White,School 2
Admitted,Caucasian/White,School 2
Admitted,Caucasian/White,School 1
Admitted,Caucasian/White,School 3
Admitted,Caucasian/White,School 3
Admitted,Caucasian/White,School 1
Admitted,Caucasian/White,School 2
Admitted,Caucasian/White,School 3
Admitted,Caucasian/White,School 1
Admitted,Caucasian/White,School 2
Admitted,Caucasian/White,School 1
Admitted,Caucasian/White,School 3
Admitted,Caucasian/White,School 1
Admitted,Caucasian/White,School 3
Admitted,Caucasian/White,School 1
Admitted,Caucasian/White,School 1
Admitted,Caucasian/White,School 1
Admitted,Caucasian/White,School 2
Admitted,Caucasian/White,School 1
Admitted,Caucasian/White,School 1
Admitted,Caucasian/White,School 2
Admitted,Caucasian/White,School 1
Admitted,Caucasian/White,School 2
Admitted,Caucasian/White,School 2
Admitted,Caucasian/White,School 3
Admitted,Caucasian/White,School 2
Admitted,Caucasian/White,School 2
Admitted,Caucasian/White,School 2
Admitted,Caucasian/White,School 3
Admitted,Caucasian/White,School 1
Admitted,Caucasian/White,School 2
Admitted,Caucasian/White,School 3
Admitted,Caucasian/White,School 2
Admitted,Caucasian/White,School 2
Admitted,Caucasian/White,School 1
Admitted,Caucasian/White,School 1
Admitted,Caucasian/White,School 1
Admitted,Caucasian/White,School 2
Admitted,Caucasian/White,School 2
Admitted,Caucasian/White,School 1
Admitted,Caucasian/White,School 3
Admitted,Caucasian/White,School 1
Admitted,Caucasian/White,School 2
Admitted,Caucasian/White,School 1
Admitted,Caucasian/White,School 1
Admitted,Caucasian/White,School 2
Admitted,Caucasian/White,School 3
Admitted,Caucasian/White,School 2
Admitted,Caucasian/White,School 1
Admitted,Caucasian/White,School 1
Admitted,Caucasian/White,School 3
Admitted,Caucasian/White,School 1
Admitted,Caucasian/White,School 1
Admitted,Caucasian/White,School 3
Admitted,Caucasian/White,School 3
Admitted,Caucasian/White,School 2
Admitted,Caucasian/White,School 1
Admitted,Caucasian/White,School 2
Admitted,Caucasian/White,School 1
Admitted,Caucasian/White,School 3
Admitted,Caucasian/White,School 2
Admitted,Caucasian/White,School 2
Admitted,Caucasian/White,School 3
Admitted,Caucasian/White,School 2
Admitted,Caucasian/White,School 3
Admitted,Caucasian/White,School 3
Admitted,Caucasian/White,School 1
Admitted,Caucasian/White,School 3
Admitted,Caucasian/White,School 2
Admitted,Caucasian/White,School 2
Admitted,Caucasian/White,School 3
Admitted,Caucasian/White,School 3
Admitted,Caucasian/White,School 3
Admitted,Caucasian/White,School 3
Admitted,Caucasian/White,School 3
Admitted,Caucasian/White,School 3
Admitted,Caucasian/White,School 2
Admitted,Caucasian/White,School 3
Admitted,Caucasian/White,School 3
Admitted,Caucasian/White,School 3
Admitted,Caucasian/White,School 1
Admitted,Caucasian/White,School 3
Admitted,Caucasian/White,School 1
Admitted,Caucasian/White,School 3
Admitted,Caucasian/White,School 3
Admitted,Caucasian/White,School 2
Admitted,Caucasian/White,School 1
Admitted,Caucasian/White,School 1
Admitted,Caucasian/White,School 1
Admitted,Caucasian/White,School 1
Admitted,Caucasian/White,School 3
Admitted,Caucasian/White,School 3
Admitted,Caucasian/White,School 3
Admitted,Caucasian/White,School 2
Admitted,Caucasian/White,School 2
Admitted,Caucasian/White,School 2
Admitted,Caucasian/White,School 1
Admitted,Caucasian/White,School 1
Admitted,Caucasian/White,School 3
Admitted,Caucasian/White,School 1
Admitted,Caucasian/White,School 3
Admitted,Caucasian/White,School 2
Admitted,Caucasian/White,School 2
Admitted,Caucasian/White,School 3
Admitted,Caucasian/White,School 3
Admitted,Caucasian/White,School 2
Admitted,Caucasian/White,School 2
Admitted,Caucasian/White,School 1
Admitted,Caucasian/White,School 3
Admitted,Caucasian/White,School 1
Admitted,Caucasian/White,School 2
Admitted,Caucasian/White,School 1
Admitted,Caucasian/White,School 2
Admitted,Caucasian/White,School 2
Admitted,Caucasian/White,School 1
Admitted,Caucasian/White,School 3
Admitted,Caucasian/White,School 1
Admitted,Caucasian/White,School 3
Admitted,Caucasian/White,School 1
Admitted,Caucasian/White,School 3
Admitted,Caucasian/White,School 3
Admitted,Caucasian/White,School 2
Admitted,Caucasian/White,School 3
Admitted,Caucasian/White,School 2
Admitted,Caucasian/White,School 2
Admitted,Caucasian/White,School 1
Admitted,Caucasian/White,School 1
Admitted,Caucasian/White,School 3
Admitted,Caucasian/White,School 1
Admitted,Caucasian/White,School 3
Admitted,Caucasian/White,School 1
Admitted,Caucasian/White,School 3
Admitted,Caucasian/White,School 2
Admitted,Caucasian/White,School 1
Admitted,Caucasian/White,School 1
Admitted,Caucasian/White,School 3
Admitted,Caucasian/White,School 2
Admitted,Caucasian/White,School 2
Admitted,Caucasian/White,School 1
Admitted,Caucasian/White,School 2
Admitted,Caucasian/White,School 3
Admitted,Caucasian/White,School 1
Admitted,Caucasian/White,School 2
Admitted,Caucasian/White,School 2
Admitted,Caucasian/White,School 2
Admitted,Caucasian/White,School 3
Admitted,Caucasian/White,School 1
Admitted,Caucasian/White,School 3
Admitted,Caucasian/White,School 3
Admitted,Caucasian/White,School 2
Admitted,Caucasian/White,School 3
Admitted,Caucasian/White,School 1
Admitted,Caucasian/White,School 3
Admitted,Caucasian/White,School 2
Admitted,Caucasian/White,School 2
Admitted,Caucasian/White,School 1
Admitted,Caucasian/White,School 3
Admitted,Caucasian/White,School 1
Admitted,Caucasian/White,School 1
Admitted,Caucasian/White,School 1
Admitted,Caucasian/White,School 3
Admitted,Caucasian/White,School 3
Admitted,Caucasian/White,School 2
Admitted,Caucasian/White,School 1
Admitted,Caucasian/White,School 1
Admitted,Caucasian/White,School 3
Admitted,Caucasian/White,School 1
Admitted,Caucasian/White,School 1
Admitted,Caucasian/White,School 1
Admitted,Caucasian/White,School 2
Admitted,Caucasian/White,School 2
Admitted,Caucasian/White,School 2
Admitted,Caucasian/White,School 1
Admitted,Caucasian/White,School 3
Admitted,Caucasian/White,School 1
Admitted,Caucasian/White,School 1
Admitted,Caucasian/White,School 3
Admitted,Caucasian/White,School 2
Admitted,Caucasian/White,School 2
Admitted,Caucasian/White,School 3
Admitted,Caucasian/White,School 2
Admitted,Caucasian/White,School 1
Admitted,Caucasian/White,School 3
Admitted,Caucasian/White,School 3
Admitted,Caucasian/White,School 2
Admitted,Caucasian/White,School 3
Admitted,Caucasian/White,School 1
Admitted,Caucasian/White,School 1
Admitted,Caucasian/White,School 2
Admitted,Caucasian/White,School 2
Admitted,Caucasian/White,School 3
Admitted,Caucasian/White,School 2
Admitted,Caucasian/White,School 2
Admitted,Caucasian/White,School 2
Admitted,Caucasian/White,School 2
Admitted,Caucasian/White,School 2
Admitted,Caucasian/White,School 2
Admitted,Caucasian/White,School 2
Admitted,Caucasian/White,School 3
Admitted,Caucasian/White,School 2
Admitted,Caucasian/White,School 2
Admitted,Caucasian/White,School 3
Admitted,Caucasian/White,School 2
Admitted,Caucasian/White,School 1
Admitted,Caucasian/White,School 2
Admitted,Caucasian/White,School 2
Admitted,Caucasian/White,School 1
Admitted,Caucasian/White,School 2
Admitted,Caucasian/White,School 1
Admitted,Caucasian/White,School 2
Admitted,Caucasian/White,School 2
Admitted,Caucasian/White,School 1
Admitted,Caucasian/White,School 1
Admitted,Caucasian/White,School 2
Admitted,Caucasian/White,School 2
Admitted,Caucasian/White,School 2
Admitted,Caucasian/White,School 3
Admitted,Caucasian/White,School 3
Admitted,Caucasian/White,School 3
Admitted,Caucasian/White,School 3
Admitted,Caucasian/White,School 2
Admitted,Caucasian/White,School 2
Admitted,Caucasian/White,School 3
Admitted,Caucasian/White,School 3
Admitted,Caucasian/White,School 3
Admitted,Caucasian/White,School 1
Admitted,Caucasian/White,School 3
Admitted,Caucasian/White,School 1
Admitted,Caucasian/White,School 3
Admitted,Caucasian/White,School 2
Admitted,Caucasian/White,School 2
Admitted,Caucasian/White,School 3
Admitted,Caucasian/White,School 3
Admitted,Caucasian/White,School 3
Admitted,Caucasian/White,School 1
Admitted,Caucasian/White,School 2
Admitted,Caucasian/White,School 3
Admitted,Caucasian/White,School 1
Admitted,Caucasian/White,School 3
Admitted,Caucasian/White,School 1
Admitted,Caucasian/White,School 2
Admitted,Caucasian/White,School 1
Admitted,Caucasian/White,School 3
Admitted,Caucasian/White,School 3
Admitted,Caucasian/White,School 2
Admitted,Caucasian/White,School 3
Admitted,Caucasian/White,School 2
Admitted,Caucasian/White,School 1
Admitted,Caucasian/White,School 2
Admitted,Caucasian/White,School 2
Admitted,Caucasian/White,School 2
Admitted,Caucasian/White,School 3
Admitted,Caucasian/White,School 1
Admitted,Caucasian/White,School 1
Admitted,Caucasian/White,School 3
Admitted,Caucasian/White,School 1
Admitted,Caucasian/White,School 3
Admitted,Caucasian/White,School 2
Admitted,Caucasian/White,School 1
Admitted,Caucasian/White,School 3
Admitted,Caucasian/White,School 3
Admitted,Caucasian/White,School 3
Admitted,Caucasian/White,School 3
Admitted,Caucasian/White,School 3
Admitted,Caucasian/White,School 3
Admitted,Caucasian/White,School 3
Admitted,Caucasian/White,School 1
Admitted,Caucasian/White,School 1
Admitted,Caucasian/White,School 3
Admitted,Caucasian/White,School 2
Admitted,Caucasian/White,School 2
Admitted,Caucasian/White,School 2
Admitted,Caucasian/White,School 3
Admitted,Caucasian/White,School 1
Admitted,Caucasian/White,School 2
Admitted,Caucasian/White,School 1
Admitted,Caucasian/White,School 3
Admitted,Caucasian/White,School 2
Admitted,Caucasian/White,School 2
Admitted,Caucasian/White,School 3
Admitted,Caucasian/White,School 2
Admitted,Caucasian/White,School 2
Admitted,Caucasian/White,School 2
Admitted,Caucasian/White,School 1
Admitted,Caucasian/White,School 2
Admitted,Caucasian/White,School 2
Admitted,Caucasian/White,School 2
Admitted,Caucasian/White,School 2
Admitted,Caucasian/White,School 2
Admitted,Caucasian/White,School 2
Admitted,Caucasian/White,School 2
Admitted,Caucasian/White,School 1
Admitted,Caucasian/White,School 2
Admitted,Caucasian/White,School 2
Admitted,Caucasian/White,School 3
Admitted,Caucasian/White,School 2
Admitted,Caucasian/White,School 3
Admitted,Caucasian/White,School 2
Admitted,Caucasian/White,School 2
Admitted,Caucasian/White,School 3
Admitted,Caucasian/White,School 2
Admitted,Caucasian/White,School 3
Admitted,Caucasian/White,School 2
Admitted,Caucasian/White,School 3
Admitted,Caucasian/White,School 3
Admitted,Caucasian/White,School 2
Admitted,Caucasian/White,School 2
Admitted,Caucasian/White,School 1
Admitted,Caucasian/White,School 2
Admitted,Caucasian/White,School 3
Admitted,Caucasian/White,School 2
Admitted,Caucasian/White,School 2
Admitted,Caucasian/White,School 3
Admitted,Caucasian/White,School 2
Admitted,Caucasian/White,School 1
Admitted,Caucasian/White,School 3
Admitted,Caucasian/White,School 3
Admitted,Caucasian/White,School 1
Admitted,Caucasian/White,School 3
Admitted,Caucasian/White,School 3
Admitted,Caucasian/White,School 2
Admitted,Caucasian/White,School 2
Admitted,Caucasian/White,School 2
Admitted,Caucasian/White,School 1
Admitted,Caucasian/White,School 2
Admitted,Caucasian/White,School 2
Admitted,Caucasian/White,School 3
Admitted,Caucasian/White,School 3
Admitted,Caucasian/White,School 2
Admitted,Caucasian/White,School 2
Admitted,Caucasian/White,School 2
Admitted,Caucasian/White,School 3
Admitted,Caucasian/White,School 1
Admitted,Caucasian/White,School 3
Admitted,Caucasian/White,School 2
Admitted,Caucasian/White,School 3
Admitted,Caucasian/White,School 3
Admitted,Caucasian/White,School 2
Admitted,Caucasian/White,School 2
Admitted,Caucasian/White,School 3
Admitted,Caucasian/White,School 3
Admitted,Caucasian/White,School 1
Admitted,Caucasian/White,School 1
Admitted,Caucasian/White,School 2
Admitted,Caucasian/White,School 3
Admitted,Caucasian/White,School 3
Admitted,Caucasian/White,School 2
Admitted,Caucasian/White,School 3
Admitted,Caucasian/White,School 2
Admitted,Caucasian/White,School 3
Admitted,Caucasian/White,School 2
Admitted,Caucasian/White,School 2
Admitted,Caucasian/White,School 1
Admitted,Caucasian/White,School 3
Admitted,Caucasian/White,School 2
Admitted,Caucasian/White,School 3
Admitted,Caucasian/White,School 3
Admitted,Caucasian/White,School 2
Admitted,Caucasian/White,School 1
Admitted,Caucasian/White,School 2
Admitted,Caucasian/White,School 3
Admitted,Caucasian/White,School 2
Admitted,Caucasian/White,School 2
Admitted,Caucasian/White,School 2
Admitted,Caucasian/White,School 3
Admitted,Caucasian/White,School 1
Admitted,Caucasian/White,School 3
Admitted,Caucasian/White,School 3
Admitted,Caucasian/White,School 1
Admitted,Caucasian/White,School 1
Admitted,Caucasian/White,School 1
Admitted,Caucasian/White,School 2
Admitted,Caucasian/White,School 3
Admitted,Caucasian/White,School 1
Admitted,Caucasian/White,School 3
Admitted,Caucasian/White,School 3
Admitted,Caucasian/White,School 3
Admitted,Caucasian/White,School 1
Admitted,Caucasian/White,School 2
Admitted,Caucasian/White,School 2
Admitted,Caucasian/White,School 1
Admitted,Caucasian/White,School 3
Admitted,Caucasian/White,School 2
Admitted,Caucasian/White,School 3
Admitted,Caucasian/White,School 3
Admitted,Caucasian/White,School 1
Admitted,Caucasian/White,School 2
Admitted,Caucasian/White,School 3
Admitted,Caucasian/White,School 2
Admitted,Caucasian/White,School 3
Admitted,Caucasian/White,School 3
Admitted,Caucasian/White,School 3
Admitted,Caucasian/White,School 3
Admitted,Caucasian/White,School 2
Admitted,Caucasian/White,School 1
Admitted,Caucasian/White,School 1
Admitted,Caucasian/White,School 3
Admitted,Caucasian/White,School 3
Admitted,Caucasian/White,School 3
Admitted,Caucasian/White,School 3
Admitted,Caucasian/White,School 1
Admitted,Caucasian/White,School 2
Admitted,Caucasian/White,School 1
Admitted,Caucasian/White,School 3
Admitted,Caucasian/White,School 2
Admitted,Caucasian/White,School 1
Admitted,Caucasian/White,School 1
Admitted,Caucasian/White,School 2
Admitted,Caucasian/White,School 3
Admitted,Caucasian/White,School 1
Admitted,Caucasian/White,School 2
Admitted,Caucasian/White,School 2
Admitted,Caucasian/White,School 1
Admitted,Caucasian/White,School 1
Admitted,Caucasian/White,School 1
Admitted,Caucasian/White,School 1
Admitted,Caucasian/White,School 1
Admitted,Caucasian/White,School 1
Admitted,Caucasian/White,School 2
Admitted,Caucasian/White,School 2
Admitted,Caucasian/White,School 3
Admitted,Caucasian/White,School 1
Admitted,Caucasian/White,School 1
Admitted,Caucasian/White,School 2
Admitted,Caucasian/White,School 1
Admitted,Caucasian/White,School 3
Admitted,Caucasian/White,School 2
Admitted,Caucasian/White,School 2
Admitted,Caucasian/White,School 2
Admitted,Caucasian/White,School 3
Admitted,Caucasian/White,School 2
Admitted,Caucasian/White,School 1
Admitted,Caucasian/White,School 1
Admitted,Caucasian/White,School 3
Admitted,Caucasian/White,School 2
Admitted,Caucasian/White,School 2
Admitted,Caucasian/White,School 1
Admitted,Caucasian/White,School 1
Admitted,Caucasian/White,School 1
Admitted,Caucasian/White,School 1
Admitted,Caucasian/White,School 1
Admitted,Caucasian/White,School 2
Admitted,Caucasian/White,School 2
Admitted,Caucasian/White,School 2
Admitted,Caucasian/White,School 3
Admitted,Caucasian/White,School 3
Admitted,Caucasian/White,School 2
Admitted,Caucasian/White,School 2
Admitted,Caucasian/White,School 2
Admitted,Caucasian/White,School 1
Admitted,Caucasian/White,School 3
Admitted,Caucasian/White,School 3
Admitted,Caucasian/White,School 2
Admitted,Caucasian/White,School 1
Admitted,Caucasian/White,School 1
Admitted,Caucasian/White,School 1
Admitted,Caucasian/White,School 1
Admitted,Caucasian/White,School 3
Admitted,Caucasian/White,School 3
Admitted,Caucasian/White,School 3
Admitted,Caucasian/White,School 3
Admitted,Caucasian/White,School 1
Admitted,Caucasian/White,School 1
Admitted,Caucasian/White,School 2
Admitted,Caucasian/White,School 3
Admitted,Caucasian/White,School 3
Admitted,Caucasian/White,School 3
Admitted,Caucasian/White,School 1
Admitted,Caucasian/White,School 1
Admitted,Caucasian/White,School 2
Admitted,Caucasian/White,School 1
Admitted,Caucasian/White,School 1
Admitted,Caucasian/White,School 1
Admitted,Caucasian/White,School 1
Admitted,Caucasian/White,School 1
Admitted,Caucasian/White,School 1
Admitted,Caucasian/White,School 2
Admitted,Caucasian/White,School 1
Admitted,Caucasian/White,School 3
Admitted,Caucasian/White,School 3
Admitted,Caucasian/White,School 2
Admitted,Caucasian/White,School 2
Admitted,Caucasian/White,School 1
Admitted,Caucasian/White,School 1
Admitted,Caucasian/White,School 3
Admitted,Caucasian/White,School 1
Admitted,Caucasian/White,School 2
Admitted,Caucasian/White,School 1
Admitted,Caucasian/White,School 1
Admitted,Caucasian/White,School 2
Admitted,Caucasian/White,School 2
Admitted,Caucasian/White,School 2
Admitted,Caucasian/White,School 3
Admitted,Caucasian/White,School 3
Admitted,Caucasian/White,School 3
Admitted,Caucasian/White,School 3
Admitted,Caucasian/White,School 3
Admitted,Caucasian/White,School 3
Admitted,Caucasian/White,School 3
Admitted,Caucasian/White,School 3
Admitted,Caucasian/White,School 2
Admitted,Caucasian/White,School 3
Admitted,Caucasian/White,School 3
Admitted,Caucasian/White,School 3
Admitted,Caucasian/White,School 2
Admitted,Caucasian/White,School 2
Admitted,Caucasian/White,School 2
Admitted,Caucasian/White,School 2
Admitted,Caucasian/White,School 2
Admitted,Caucasian/White,School 3
Admitted,Caucasian/White,School 3
Admitted,Caucasian/White,School 1
Admitted,Caucasian/White,School 2
Admitted,Caucasian/White,School 2
Admitted,Caucasian/White,School 3
Admitted,Caucasian/White,School 3
Admitted,Caucasian/White,School 1
Admitted,Caucasian/White,School 2
Admitted,Caucasian/White,School 3
Admitted,Caucasian/White,School 2
Admitted,Caucasian/White,School 3
Admitted,Caucasian/White,School 2
Admitted,Caucasian/White,School 2
Admitted,Caucasian/White,School 3
Admitted,Caucasian/White,School 3
Admitted,Caucasian/White,School 1
Admitted,Caucasian/White,School 3
Admitted,Caucasian/White,School 2
Admitted,Caucasian/White,School 1
Admitted,Caucasian/White,School 3
Admitted,Caucasian/White,School 1
Admitted,Caucasian/White,School 2
Admitted,Caucasian/White,School 3
Admitted,Caucasian/White,School 2
Admitted,Caucasian/White,School 1
Admitted,Caucasian/White,School 2
Admitted,Caucasian/White,School 1
Admitted,Caucasian/White,School 2
Admitted,Caucasian/White,School 2
Admitted,Caucasian/White,School 2
Admitted,Caucasian/White,School 3
Admitted,Caucasian/White,School 2
Admitted,Caucasian/White,School 2
Admitted,Caucasian/White,School 1
Admitted,Caucasian/White,School 3
Admitted,Caucasian/White,School 1
Admitted,Caucasian/White,School 2
Admitted,Caucasian/White,School 3
Admitted,Caucasian/White,School 3
Admitted,Caucasian/White,School 3
Admitted,Caucasian/White,School 2
Admitted,Caucasian/White,School 1
Admitted,Caucasian/White,School 2
Admitted,Caucasian/White,School 2
Admitted,Caucasian/White,School 1
Admitted,Caucasian/White,School 1
Admitted,Caucasian/White,School 2
Admitted,Caucasian/White,School 3
Admitted,Caucasian/White,School 3
Admitted,Caucasian/White,School 1
Admitted,Caucasian/White,School 2
Admitted,Caucasian/White,School 2
Admitted,Caucasian/White,School 2
Admitted,Caucasian/White,School 3
Admitted,Caucasian/White,School 2
Admitted,Caucasian/White,School 3
Admitted,Caucasian/White,School 1
Admitted,Caucasian/White,School 3
Admitted,Caucasian/White,School 2
Admitted,Caucasian/White,School 1
Admitted,Caucasian/White,School 3
Admitted,Caucasian/White,School 1
Admitted,Caucasian/White,School 3
Admitted,Caucasian/White,School 1
Admitted,Caucasian/White,School 1
Admitted,Caucasian/White,School 3
Admitted,Caucasian/White,School 2
Admitted,Caucasian/White,School 3
Admitted,Caucasian/White,School 2
Admitted,Caucasian/White,School 3
Admitted,Caucasian/White,School 3
Admitted,Caucasian/White,School 1
Admitted,Caucasian/White,School 1
Admitted,Caucasian/White,School 3
Admitted,Caucasian/White,School 2
Admitted,Caucasian/White,School 1
Admitted,Caucasian/White,School 2
Admitted,Caucasian/White,School 2
Admitted,Caucasian/White,School 1
Admitted,Caucasian/White,School 3
Admitted,Caucasian/White,School 1
Admitted,Caucasian/White,School 1
Admitted,Caucasian/White,School 2
Admitted,Caucasian/White,School 2
Admitted,Caucasian/White,School 1
Admitted,Caucasian/White,School 2
Admitted,Caucasian/White,School 3
Admitted,Caucasian/White,School 3
Admitted,Caucasian/White,School 2
Admitted,Caucasian/White,School 1
Admitted,Caucasian/White,School 2
Admitted,Caucasian/White,School 2
Admitted,Caucasian/White,School 2
Admitted,Caucasian/White,School 3
Admitted,Caucasian/White,School 3
Admitted,Caucasian/White,School 1
Admitted,Caucasian/White,School 2
Admitted,Caucasian/White,School 3
Admitted,Caucasian/White,School 1
Admitted,Caucasian/White,School 3
Admitted,Caucasian/White,School 3
Admitted,Caucasian/White,School 3
Admitted,Caucasian/White,School 1
Admitted,Caucasian/White,School 2
Admitted,Caucasian/White,School 1
Admitted,Caucasian/White,School 1
Admitted,Caucasian/White,School 2
Admitted,Caucasian/White,School 3
Admitted,Caucasian/White,School 2
Admitted,Caucasian/White,School 3
Admitted,Caucasian/White,School 3
Admitted,Caucasian/White,School 1
Admitted,Caucasian/White,School 2
Admitted,Caucasian/White,School 2
Admitted,Caucasian/White,School 1
Admitted,Caucasian/White,School 1
Admitted,Caucasian/White,School 2
Admitted,Hispanic/Latino,School 1
Admitted,Hispanic/Latino,School 2
Admitted,Hispanic/Latino,School 3
Admitted,Hispanic/Latino,School 2
Admitted,Hispanic/Latino,School 3
Admitted,Hispanic/Latino,School 2
Admitted,Hispanic/Latino,School 3
Admitted,Hispanic/Latino,School 2
Admitted,Hispanic/Latino,School 2
Admitted,Hispanic/Latino,School 2
Admitted,Hispanic/Latino,School 1
Admitted,Hispanic/Latino,School 3
Admitted,Hispanic/Latino,School 2
Admitted,Hispanic/Latino,School 1
Admitted,Hispanic/Latino,School 1
Admitted,Hispanic/Latino,School 2
Admitted,Hispanic/Latino,School 3
Admitted,Hispanic/Latino,School 1
Admitted,Hispanic/Latino,School 3
Admitted,Hispanic/Latino,School 2
Admitted,Hispanic/Latino,School 3
Admitted,Hispanic/Latino,School 2
Admitted,Hispanic/Latino,School 2
Admitted,Hispanic/Latino,School 2
Admitted,Hispanic/Latino,School 2
Admitted,Hispanic/Latino,School 1
Admitted,Hispanic/Latino,School 3
Admitted,Hispanic/Latino,School 3
Admitted,Hispanic/Latino,School 2
Admitted,Hispanic/Latino,School 1
Admitted,Hispanic/Latino,School 1
Admitted,Hispanic/Latino,School 1
Admitted,Hispanic/Latino,School 1
Admitted,Hispanic/Latino,School 2
Admitted,Hispanic/Latino,School 3
Admitted,Hispanic/Latino,School 2
Admitted,Hispanic/Latino,School 2
Admitted,Hispanic/Latino,School 2
Admitted,Hispanic/Latino,School 1
Admitted,Hispanic/Latino,School 1
Admitted,Hispanic/Latino,School 1
Admitted,Hispanic/Latino,School 2
Admitted,Hispanic/Latino,School 3
Admitted,Hispanic/Latino,School 3
Admitted,Hispanic/Latino,School 3
Admitted,Hispanic/Latino,School 2
Admitted,Hispanic/Latino,School 2
Decision_Status_Long,Hispanic/Latino,School 1
Deferred,Hispanic/Latino,School 1
Deferred,Hispanic/Latino,School 1
Denied,Hispanic/Latino,School 2
Denied,Hispanic/Latino,School 2
Denied,Hispanic/Latino,School 3
Denied,Hispanic/Latino,School 2
Denied,Hispanic/Latino,School 1
Denied,Hispanic/Latino,School 3
Denied,Hispanic/Latino,School 3
Denied,Hispanic/Latino,School 2
Denied,Hispanic/Latino,School 3
Denied,Hispanic/Latino,School 2
Denied,Hispanic/Latino,School 3
Denied,Hispanic/Latino,School 1
Denied,Hispanic/Latino,School 1
Denied,Hispanic/Latino,School 3
Denied,Hispanic/Latino,School 1
Denied,Hispanic/Latino,School 1
Denied,Hispanic/Latino,School 2
Denied,Hispanic/Latino,School 1
Denied,Hispanic/Latino,School 3
Denied,Hispanic/Latino,School 3
Denied,Hispanic/Latino,School 1
Denied,Hispanic/Latino,School 3
Denied,Hispanic/Latino,School 3
Denied,Hispanic/Latino,School 2
Denied,Hispanic/Latino,School 2
Denied,Hispanic/Latino,School 1
Denied,Hispanic/Latino,School 3
Denied,Hispanic/Latino,School 1
Denied,Hispanic/Latino,School 2
Denied,Hispanic/Latino,School 2
Denied,Hispanic/Latino,School 2
Denied,Hispanic/Latino,School 2
Denied,Hispanic/Latino,School 2
Denied,Hispanic/Latino,School 3
Denied,Hispanic/Latino,School 2
Denied,Hispanic/Latino,School 1
Denied,Hispanic/Latino,School 2
Denied,Hispanic/Latino,School 2
Denied,Hispanic/Latino,School 1
Denied,Hispanic/Latino,School 2
Denied,Hispanic/Latino,School 3
Denied,Hispanic/Latino,School 2
Denied,Hispanic/Latino,School 1
Denied,Hispanic/Latino,School 1
Denied,Hispanic/Latino,School 1
Denied,Hispanic/Latino,School 3
Denied,Hispanic/Latino,School 3
Denied,Hispanic/Latino,School 2
Denied,Hispanic/Latino,School 3
Denied,Hispanic/Latino,School 1
Denied,Hispanic/Latino,School 3
Denied,Hispanic/Latino,School 1
Denied,Hispanic/Latino,School 3
Denied,Hispanic/Latino,School 1
Denied,Hispanic/Latino,School 1
Denied,Hispanic/Latino,School 3
Denied,Hispanic/Latino,School 3
Denied,Hispanic/Latino,School 3
Denied,Hispanic/Latino,School 2
Denied,Hispanic/Latino,School 3
Denied,Hispanic/Latino,School 2
Denied,Hispanic/Latino,School 3
Denied,Hispanic/Latino,School 2
Denied,Hispanic/Latino,School 1
Denied,Hispanic/Latino,School 3
Denied,Hispanic/Latino,School 2
Denied,Hispanic/Latino,School 1
Denied,Hispanic/Latino,School 3
Denied,Hispanic/Latino,School 1
Denied,Hispanic/Latino,School 1
Denied,Hispanic/Latino,School 2
Denied,Hispanic/Latino,School 3
Denied,Hispanic/Latino,School 2
Denied,Hispanic/Latino,School 3
Denied,Hispanic/Latino,School 2
Denied,Hispanic/Latino,School 3
Denied,Hispanic/Latino,School 1
Denied,Hispanic/Latino,School 1
Denied,Hispanic/Latino,School 1
Denied,Hispanic/Latino,School 2
Denied,Hispanic/Latino,School 3
Denied,Hispanic/Latino,School 3
Denied,Hispanic/Latino,School 3
Denied,Hispanic/Latino,School 1
Denied,Hispanic/Latino,School 2
Denied,Hispanic/Latino,School 2
Denied,Hispanic/Latino,School 2
Denied,Hispanic/Latino,School 2
Denied,Hispanic/Latino,School 2
Denied,Hispanic/Latino,School 3
Denied,Hispanic/Latino,School 2
Denied,Hispanic/Latino,School 2
Denied,Hispanic/Latino,School 3
Denied,Hispanic/Latino,School 3
Denied,Hispanic/Latino,School 2
Denied,Hispanic/Latino,School 1
Denied,Hispanic/Latino,School 3
Denied,Hispanic/Latino,School 1
Denied,Hispanic/Latino,School 3
Denied,Hispanic/Latino,School 1
Denied,Hispanic/Latino,School 3
Denied,Hispanic/Latino,School 2
Denied,Hispanic/Latino,School 2
Denied,Hispanic/Latino,School 3
Denied,Hispanic/Latino,School 1
Denied,Hispanic/Latino,School 1
Denied,Hispanic/Latino,School 1
Denied,Hispanic/Latino,School 1
Denied,Hispanic/Latino,School 3
Denied,Hispanic/Latino,School 2
Denied,Hispanic/Latino,School 2
Denied,Hispanic/Latino,School 3
Denied,Hispanic/Latino,School 3
Denied,Hispanic/Latino,School 2
Denied,Hispanic/Latino,School 1
Denied,Hispanic/Latino,School 1
Denied,Hispanic/Latino,School 3
Denied,Hispanic/Latino,School 2
Denied,Hispanic/Latino,School 1
Denied,Caucasian/White,School 2
Denied,Caucasian/White,School 3
Denied,Caucasian/White,School 1
Denied,Caucasian/White,School 1
Denied,Caucasian/White,School 3
Denied,Caucasian/White,School 3
Denied,Caucasian/White,School 2
Denied,Caucasian/White,School 2
Denied,Caucasian/White,School 3
Denied,Caucasian/White,School 2
Denied,Caucasian/White,School 1
Denied,Caucasian/White,School 1
Denied,Caucasian/White,School 3
Denied,Caucasian/White,School 1
Denied,Caucasian/White,School 3
Denied,Caucasian/White,School 2
Denied,Caucasian/White,School 2
Denied,Caucasian/White,School 3
Denied,Caucasian/White,School 3
Denied,Caucasian/White,School 2
Denied,Caucasian/White,School 2
Denied,Caucasian/White,School 1
Denied,Caucasian/White,School 1
Denied,Caucasian/White,School 2
Denied,Caucasian/White,School 2
Denied,Caucasian/White,School 2
Denied,Caucasian/White,School 3
Denied,Caucasian/White,School 2
Denied,Caucasian/White,School 1
Denied,Caucasian/White,School 1
Denied,Caucasian/White,School 2
Denied,Caucasian/White,School 3
Denied,Caucasian/White,School 2
Denied,Caucasian/White,School 3
Denied,Caucasian/White,School 2
Denied,Caucasian/White,School 1
Denied,Caucasian/White,School 2
Denied,Caucasian/White,School 1
Denied,Caucasian/White,School 1
Denied,Caucasian/White,School 3
Denied,Caucasian/White,School 3
Denied,Caucasian/White,School 2
Denied,Caucasian/White,School 3
Denied,Caucasian/White,School 3
Denied,Caucasian/White,School 1
Denied,Caucasian/White,School 1
Denied,Caucasian/White,School 3
Denied,Caucasian/White,School 3
Denied,Caucasian/White,School 1
Denied,Caucasian/White,School 3
Denied,Caucasian/White,School 2
Denied,Caucasian/White,School 1
Denied,Caucasian/White,School 2
Denied,Caucasian/White,School 1
Denied,Caucasian/White,School 3
Denied,Caucasian/White,School 2
Denied,Caucasian/White,School 3
Denied,Caucasian/White,School 3
Denied,Caucasian/White,School 3
Denied,Caucasian/White,School 2
Denied,Caucasian/White,School 3
Denied,Caucasian/White,School 3
Denied,Caucasian/White,School 3
Denied,Caucasian/White,School 3
Denied,Caucasian/White,School 2
Denied,Caucasian/White,School 3
Denied,Caucasian/White,School 2
Denied,Caucasian/White,School 1
Denied,Caucasian/White,School 2
Denied,Caucasian/White,School 3
Denied,Caucasian/White,School 3
Denied,Caucasian/White,School 2
Denied,Caucasian/White,School 1
Denied,Caucasian/White,School 1
Denied,Caucasian/White,School 1
Denied,Caucasian/White,School 2
Denied,Caucasian/White,School 3
Denied,Caucasian/White,School 2
Denied,Caucasian/White,School 2
Denied,Caucasian/White,School 2
Denied,Caucasian/White,School 1
Denied,Caucasian/White,School 3
Denied,Caucasian/White,School 1
Denied,Caucasian/White,School 2
Denied,Caucasian/White,School 3
Denied,Caucasian/White,School 1
Denied,Caucasian/White,School 1
Denied,Caucasian/White,School 1
Denied,Caucasian/White,School 3
Denied,Caucasian/White,School 3
Denied,Caucasian/White,School 1
Denied,Caucasian/White,School 2
Denied,Caucasian/White,School 1
Denied,Caucasian/White,School 1
Denied,Caucasian/White,School 2
Denied,Caucasian/White,School 2
Denied,Caucasian/White,School 3
Denied,Caucasian/White,School 1
Denied,Caucasian/White,School 2
Denied,Caucasian/White,School 2
Denied,Caucasian/White,School 1
Denied,Caucasian/White,School 2
Denied,Caucasian/White,School 2
Denied,Caucasian/White,School 1
Denied,Caucasian/White,School 1
Denied,Caucasian/White,School 2
Denied,Caucasian/White,School 3
Denied,Caucasian/White,School 1
Denied,Caucasian/White,School 3
Denied,Caucasian/White,School 1
Denied,Caucasian/White,School 3
Denied,Caucasian/White,School 1
Denied,Caucasian/White,School 2
Denied,Caucasian/White,School 3
Denied,Caucasian/White,School 1
Denied,Caucasian/White,School 2
Denied,Caucasian/White,School 1
Denied,Caucasian/White,School 2
Denied,Caucasian/White,School 3
Denied,Caucasian/White,School 1
Denied,Caucasian/White,School 2
Denied,Caucasian/White,School 2
Denied,Caucasian/White,School 3
Denied,Caucasian/White,School 1
Denied,Caucasian/White,School 1
Denied,Caucasian/White,School 2
Denied,Caucasian/White,School 3
Denied,Caucasian/White,School 2
Denied,Caucasian/White,School 1
Denied,Caucasian/White,School 3
Denied,Caucasian/White,School 3
Denied,Caucasian/White,School 1
Denied,Caucasian/White,School 3
Denied,Caucasian/White,School 2
Denied,Caucasian/White,School 1
Denied,Caucasian/White,School 2
Denied,Caucasian/White,School 2
Denied,Caucasian/White,School 1
Denied,Caucasian/White,School 1
Denied,Caucasian/White,School 3
Denied,Caucasian/White,School 3
Denied,Caucasian/White,School 3
Denied,Caucasian/White,School 2
Denied,Caucasian/White,School 2
Denied,Caucasian/White,School 1
Denied,Caucasian/White,School 2
Denied,Caucasian/White,School 1
Denied,Caucasian/White,School 2
Denied,Caucasian/White,School 3
Denied,Caucasian/White,School 3
Denied,Caucasian/White,School 2
Denied,Caucasian/White,School 2
Denied,Caucasian/White,School 1
Denied,Caucasian/White,School 3
Denied,Caucasian/White,School 3
Denied,Caucasian/White,School 2
Denied,Caucasian/White,School 1
Denied,Caucasian/White,School 2
Denied,Caucasian/White,School 3
Denied,Caucasian/White,School 3
Denied,Caucasian/White,School 1
Denied,Caucasian/White,School 1
Denied,Caucasian/White,School 2
Denied,Caucasian/White,School 1
Denied,Caucasian/White,School 3
Denied,Caucasian/White,School 1
Denied,Caucasian/White,School 2
Denied,Caucasian/White,School 2
Denied,Caucasian/White,School 1
Denied,Caucasian/White,School 3
Denied,Caucasian/White,School 3
Denied,Caucasian/White,School 2
Denied,Caucasian/White,School 3
Denied,Caucasian/White,School 2
Denied,Caucasian/White,School 1
Denied,Caucasian/White,School 2
Denied,Caucasian/White,School 2
Denied,Caucasian/White,School 2
Denied,Caucasian/White,School 1
Denied,Caucasian/White,School 1
Denied,Caucasian/White,School 3
Denied,Caucasian/White,School 2
Denied,Caucasian/White,School 1
Denied,Caucasian/White,School 3
Denied,Caucasian/White,School 3
Denied,Caucasian/White,School 3
Denied,Caucasian/White,School 2
Denied,Caucasian/White,School 1
Denied,Caucasian/White,School 1
Denied,Caucasian/White,School 1
Denied,Caucasian/White,School 1
Denied,Caucasian/White,School 3
Denied,Caucasian/White,School 1
Denied,Caucasian/White,School 3
Denied,Caucasian/White,School 2
Denied,Caucasian/White,School 1
Denied,Caucasian/White,School 3
Denied,Caucasian/White,School 3
Denied,Caucasian/White,School 3
Denied,Caucasian/White,School 1
Denied,Caucasian/White,School 3
Denied,Caucasian/White,School 2
Denied,Caucasian/White,School 3
Denied,Caucasian/White,School 1
Denied,Caucasian/White,School 1
Denied,Caucasian/White,School 1
Denied,Caucasian/White,School 1
Denied,Caucasian/White,School 3
Denied,Caucasian/White,School 1
Denied,Caucasian/White,School 1
Denied,Caucasian/White,School 1
Denied,Caucasian/White,School 2
Denied,Caucasian/White,School 3
Denied,Caucasian/White,School 1
Denied,Caucasian/White,School 1
Denied,Caucasian/White,School 2
Denied,Caucasian/White,School 2
Denied,Caucasian/White,School 1
Denied,Caucasian/White,School 3
Denied,Caucasian/White,School 1
Denied,Caucasian/White,School 1
Denied,Caucasian/White,School 3
Denied,Caucasian/White,School 3
Denied,Caucasian/White,School 3
Denied,Caucasian/White,School 1
Denied,Caucasian/White,School 1
Denied,Caucasian/White,School 3
Denied,Caucasian/White,School 2
Denied,Caucasian/White,School 3
Denied,Caucasian/White,School 2
Denied,Caucasian/White,School 3
Denied,Caucasian/White,School 3
Denied,Caucasian/White,School 3
Denied,Caucasian/White,School 3
Denied,Caucasian/White,School 2
Denied,Caucasian/White,School 2
Denied,Caucasian/White,School 2
Denied,Caucasian/White,School 1
Denied,Caucasian/White,School 3
Denied,Caucasian/White,School 1
Denied,Caucasian/White,School 2
Denied,Caucasian/White,School 3
Denied,Caucasian/White,School 2
Denied,Caucasian/White,School 2
Denied,Caucasian/White,School 3
Denied,Caucasian/White,School 3
Denied,Caucasian/White,School 3
Denied,Caucasian/White,School 3
Denied,Caucasian/White,School 3
Denied,Caucasian/White,School 2
Denied,Caucasian/White,School 2
Denied,Caucasian/White,School 3
Denied,Caucasian/White,School 1
Denied,Caucasian/White,School 3
Denied,Caucasian/White,School 2
Denied,Caucasian/White,School 2
Denied,Caucasian/White,School 2
Denied,Caucasian/White,School 1
Denied,Caucasian/White,School 3
Denied,Caucasian/White,School 2
Denied,Caucasian/White,School 2
Denied,Caucasian/White,School 3
Denied,Caucasian/White,School 2
Denied,Caucasian/White,School 3
Denied,Caucasian/White,School 2
Denied,Caucasian/White,School 3
Denied,Caucasian/White,School 3
Denied,Caucasian/White,School 1
Denied,Caucasian/White,School 1
Denied,Caucasian/White,School 3
Denied,Caucasian/White,School 2
Denied,Caucasian/White,School 1
Denied,Caucasian/White,School 2
Denied,Caucasian/White,School 3
Denied,Caucasian/White,School 2
Denied,Caucasian/White,School 2
Denied,Caucasian/White,School 2
Denied,Caucasian/White,School 3
Denied,Caucasian/White,School 3
Denied,Caucasian/White,School 2
Denied,Caucasian/White,School 3
Denied,Caucasian/White,School 2
Denied,Caucasian/White,School 3
Denied,Caucasian/White,School 2
Denied,Caucasian/White,School 3
Denied,Caucasian/White,School 1
Denied,Caucasian/White,School 2
Denied,Caucasian/White,School 3
Denied,Caucasian/White,School 2
Denied,Caucasian/White,School 3
Denied,Caucasian/White,School 1
Denied,Caucasian/White,School 2
Denied,Caucasian/White,School 2
Denied,Caucasian/White,School 1
Denied,Caucasian/White,School 1
Denied,Caucasian/White,School 2
Denied,Caucasian/White,School 2
Denied,Caucasian/White,School 2
Denied,Caucasian/White,School 1
Denied,Caucasian/White,School 2
Denied,Caucasian/White,School 1
Denied,Caucasian/White,School 1
Denied,Caucasian/White,School 1
Denied,Caucasian/White,School 3
Denied,Caucasian/White,School 1
Denied,Caucasian/White,School 3
Denied,Caucasian/White,School 1
Denied,Caucasian/White,School 1
Denied,Caucasian/White,School 3
Denied,Caucasian/White,School 2
Denied,Caucasian/White,School 2
Denied,Caucasian/White,School 1
Denied,Caucasian/White,School 3
Denied,Caucasian/White,School 3
Denied,Caucasian/White,School 2
Denied,Caucasian/White,School 1
Denied,Caucasian/White,School 1
Denied,Caucasian/White,School 3
Denied,Caucasian/White,School 2
Denied,Caucasian/White,School 1
Denied,Caucasian/White,School 3
Denied,Caucasian/White,School 3
Denied,Caucasian/White,School 3
Denied,Caucasian/White,School 3
Denied,Caucasian/White,School 1
Denied,Caucasian/White,School 2
Denied,Caucasian/White,School 1
Denied,Caucasian/White,School 2
Denied,Caucasian/White,School 1
Denied,Caucasian/White,School 1
Denied,Caucasian/White,School 2
Denied,Caucasian/White,School 3
Denied,Caucasian/White,School 2
Denied,Caucasian/White,School 3
Denied,Caucasian/White,School 3
Denied,Caucasian/White,School 3
Denied,Caucasian/White,School 3
Denied,Caucasian/White,School 2
Denied,Caucasian/White,School 1
Denied,Caucasian/White,School 1
Denied,Caucasian/White,School 1
Denied,Caucasian/White,School 3
Denied,Caucasian/White,School 3
Denied,Caucasian/White,School 2
Denied,Caucasian/White,School 2
Denied,Caucasian/White,School 1
Denied,Caucasian/White,School 1
Denied,Caucasian/White,School 3
Denied,Caucasian/White,School 3
Denied,Caucasian/White,School 1
Denied,Caucasian/White,School 1
Denied,Caucasian/White,School 2
Denied,Caucasian/White,School 1
Denied,Caucasian/White,School 2
Denied,Caucasian/White,School 1
Denied,Caucasian/White,School 3
Denied,Caucasian/White,School 3
Denied,Caucasian/White,School 2
Denied,Caucasian/White,School 1
Denied,Caucasian/White,School 2
Denied,Caucasian/White,School 2
Denied,Caucasian/White,School 2
Denied,Caucasian/White,School 3
Denied,Caucasian/White,School 1
Denied,Caucasian/White,School 3
Denied,Caucasian/White,School 2
Denied,Caucasian/White,School 2
Denied,Caucasian/White,School 1
Denied,Caucasian/White,School 3
Denied,Caucasian/White,School 2
Denied,Caucasian/White,School 3
Denied,Caucasian/White,School 2
Denied,Caucasian/White,School 2
Denied,Caucasian/White,School 2
Denied,Caucasian/White,School 3
Denied,Caucasian/White,School 3
Denied,Caucasian/White,School 2
Denied,Caucasian/White,School 1
Denied,Caucasian/White,School 1
Denied,Caucasian/White,School 1
Denied,Caucasian/White,School 1
Denied,Caucasian/White,School 3
Denied,Caucasian/White,School 3
Denied,Caucasian/White,School 2
Denied,Caucasian/White,School 1
Denied,Caucasian/White,School 2
Denied,Caucasian/White,School 1
Denied,Caucasian/White,School 1
Denied,Caucasian/White,School 3
Denied,Caucasian/White,School 3
Denied,Caucasian/White,School 1
Denied,Caucasian/White,School 3
Denied,Caucasian/White,School 2
Denied,Caucasian/White,School 3
Denied,Caucasian/White,School 3
Denied,Caucasian/White,School 1
Denied,Caucasian/White,School 3
Denied,Caucasian/White,School 2
Denied,Caucasian/White,School 3
Denied,Caucasian/White,School 1
Denied,Caucasian/White,School 1
Denied,Caucasian/White,School 1
Denied,Caucasian/White,School 1
Denied,Caucasian/White,School 2
Denied,Caucasian/White,School 1
Denied,Caucasian/White,School 2
Denied,Caucasian/White,School 2
Denied,Caucasian/White,School 3
Denied,Caucasian/White,School 1
Denied,Caucasian/White,School 2
Denied,Caucasian/White,School 3
Denied,Caucasian/White,School 2
Denied,Caucasian/White,School 1
Denied,Caucasian/White,School 3
Denied,Caucasian/White,School 2
Denied,Caucasian/White,School 3
Denied,Caucasian/White,School 3
Denied,Caucasian/White,School 1
Denied,Caucasian/White,School 1
Denied,Caucasian/White,School 3
Denied,Caucasian/White,School 1
Denied,Caucasian/White,School 2
Denied,Caucasian/White,School 1
Denied,Caucasian/White,School 1
Denied,Caucasian/White,School 1
Denied,Caucasian/White,School 3
Denied,Caucasian/White,School 3
Denied,Caucasian/White,School 2
Denied,Caucasian/White,School 1
Denied,Caucasian/White,School 1
Denied,Caucasian/White,School 3
Denied,Caucasian/White,School 3
Denied,Caucasian/White,School 1
Denied,Caucasian/White,School 2
Denied,Caucasian/White,School 2
Denied,Caucasian/White,School 1
Denied,Caucasian/White,School 2
Denied,Caucasian/White,School 1
Denied,Caucasian/White,School 1
Denied,Caucasian/White,School 2
Denied,Caucasian/White,School 1
Denied,Caucasian/White,School 3
Denied,Caucasian/White,School 2
Denied,Caucasian/White,School 1
Denied,Caucasian/White,School 2
Denied,Caucasian/White,School 1
Denied,Caucasian/White,School 1
Denied,Caucasian/White,School 3
Denied,Caucasian/White,School 1
Denied,Caucasian/White,School 2
Denied,Caucasian/White,School 3
Denied,Caucasian/White,School 3
Denied,Caucasian/White,School 1
Denied,Caucasian/White,School 1
Denied,Caucasian/White,School 2
Denied,Caucasian/White,School 1
Denied,Caucasian/White,School 2
Denied,Caucasian/White,School 3
Denied,Caucasian/White,School 1
Denied,Caucasian/White,School 2
Denied,Caucasian/White,School 3
Denied,Caucasian/White,School 3
Denied,Caucasian/White,School 2
Denied,Caucasian/White,School 1
Denied,Caucasian/White,School 1
Denied,Caucasian/White,School 1
Denied,Caucasian/White,School 1
Denied,Caucasian/White,School 3
Denied,Caucasian/White,School 2
Denied,Caucasian/White,School 2
Denied,Caucasian/White,School 1
Denied,Caucasian/White,School 3
Denied,Caucasian/White,School 1
Denied,Caucasian/White,School 1
Denied,Caucasian/White,School 2
Denied,Caucasian/White,School 1
Denied,Caucasian/White,School 2
Denied,Caucasian/White,School 3
Denied,Caucasian/White,School 1
Denied,Caucasian/White,School 1
Denied,Caucasian/White,School 1
Denied,Caucasian/White,School 3
Denied,Caucasian/White,School 2
Denied,Caucasian/White,School 3
Denied,Caucasian/White,School 1
Denied,Caucasian/White,School 3
Denied,Caucasian/White,School 3
Denied,Caucasian/White,School 3
Denied,Caucasian/White,School 1
Denied,Caucasian/White,School 1
Denied,Caucasian/White,School 3
Denied,Caucasian/White,School 1
Denied,Caucasian/White,School 1
Denied,Caucasian/White,School 2
Denied,Caucasian/White,School 1
Denied,Caucasian/White,School 1
Denied,Caucasian/White,School 1
Denied,Caucasian/White,School 2
Denied,Caucasian/White,School 1
Denied,Caucasian/White,School 2
Denied,Caucasian/White,School 3
Denied,Caucasian/White,School 3
Denied,Caucasian/White,School 2
Denied,Caucasian/White,School 2
Denied,Caucasian/White,School 1
Denied,Caucasian/White,School 2
Denied,Caucasian/White,School 3
Denied,Caucasian/White,School 1
Denied,Caucasian/White,School 2
Denied,Caucasian/White,School 3
Denied,Caucasian/White,School 1
Denied,Caucasian/White,School 2
Denied,Caucasian/White,School 2
Denied,Caucasian/White,School 1
Denied,Caucasian/White,School 1
Denied,Caucasian/White,School 3
Denied,Caucasian/White,School 1
Denied,Caucasian/White,School 1
Denied,Caucasian/White,School 2
Denied,Caucasian/White,School 3
Denied,Caucasian/White,School 2
Denied,Caucasian/White,School 1
Denied,Caucasian/White,School 1
Denied,Caucasian/White,School 3
Denied,Caucasian/White,School 2
Denied,Caucasian/White,School 2
Denied,Caucasian/White,School 3
Denied,Caucasian/White,School 3
Denied,Caucasian/White,School 2
Denied,Caucasian/White,School 3
Denied,Caucasian/White,School 2
Denied,Caucasian/White,School 1
Denied,Caucasian/White,School 3
Denied,Caucasian/White,School 3
Denied,Caucasian/White,School 1
Denied,Caucasian/White,School 3
Denied,Caucasian/White,School 1
Denied,Caucasian/White,School 1
Denied,Caucasian/White,School 1
Denied,Caucasian/White,School 2
Denied,Caucasian/White,School 2
Denied,Caucasian/White,School 3
Denied,Caucasian/White,School 2
Denied,Caucasian/White,School 3
Denied,Caucasian/White,School 1
Denied,Caucasian/White,School 2
Denied,Caucasian/White,School 2
Denied,Caucasian/White,School 1
Denied,Caucasian/White,School 1
Denied,Caucasian/White,School 1
Denied,Caucasian/White,School 2
Denied,Did not Indicate,School 3
Denied,Did not Indicate,School 2
Denied,Did not Indicate,School 2
Denied,Did not Indicate,School 3
Denied,Did not Indicate,School 1
Denied,Did not Indicate,School 3
Denied,Did not Indicate,School 3
Denied,Did not Indicate,School 3
Denied,Did not Indicate,School 2
Denied,Did not Indicate,School 1
Denied,Did not Indicate,School 1
Denied,Did not Indicate,School 1
Denied,Did not Indicate,School 3
Denied,Did not Indicate,School 1
Denied,Did not Indicate,School 2
Denied,Did not Indicate,School 3
Denied,Did not Indicate,School 1
Denied,Did not Indicate,School 3
Denied,Did not Indicate,School 3
Denied,Did not Indicate,School 3
Denied,Did not Indicate,School 1
Denied,Did not Indicate,School 3
Denied,Did not Indicate,School 2
Denied,Did not Indicate,School 1
Denied,Did not Indicate,School 2
Denied,Did not Indicate,School 2
Denied,Did not Indicate,School 1
Denied,Did not Indicate,School 1
Denied,Did not Indicate,School 2
Denied,Did not Indicate,School 2
Denied,Did not Indicate,School 2
Denied,Did not Indicate,School 3
Denied,Did not Indicate,School 3
Denied,Did not Indicate,School 3
Denied,Did not Indicate,School 1
Denied,Did not Indicate,School 3
Denied,Did not Indicate,School 3
Denied,Did not Indicate,School 3
Denied,Did not Indicate,School 2
Denied,Did not Indicate,School 2
Denied,Did not Indicate,School 1
Denied,Did not Indicate,School 3
Denied,Did not Indicate,School 1
Denied,Did not Indicate,School 1
Denied,Did not Indicate,School 1
Denied,Did not Indicate,School 3
Denied,Did not Indicate,School 3
Denied,Did not Indicate,School 3
Denied,Did not Indicate,School 1
Denied,Did not Indicate,School 2
Denied,Black/African American,School 3
Denied,Black/African American,School 3
Denied,Black/African American,School 2
Denied,Black/African American,School 2
Denied,Black/African American,School 2
Denied,Black/African American,School 3
Denied,Black/African American,School 2
Denied,Black/African American,School 2
Denied,Black/African American,School 2
Denied,Black/African American,School 2
Denied,Black/African American,School 2
Denied,Black/African American,School 3
Denied,Black/African American,School 2
Denied,Black/African American,School 2
Denied,Black/African American,School 1
Denied,Black/African American,School 2
Denied,Black/African American,School 3
Denied,Black/African American,School 3
Denied,Black/African American,School 1
Denied,Black/African American,School 1
Denied,Black/African American,School 3
Denied,Black/African American,School 3
Denied,Black/African American,School 2
Denied,Black/African American,School 2
Denied,Black/African American,School 3
Denied,Black/African American,School 1
Denied,Black/African American,School 3
Denied,Black/African American,School 2
Denied,Black/African American,School 1
Denied,Black/African American,School 2
Denied,Black/African American,School 1
Denied,Black/African American,School 1
Denied,Black/African American,School 2
Denied,Black/African American,School 3
Denied,Black/African American,School 3
Denied,Black/African American,School 1
Denied,Black/African American,School 2
Denied,Black/African American,School 2
Denied,Black/African American,School 1
Denied,Black/African American,School 1
Denied,Black/African American,School 2
Denied,Black/African American,School 3
Denied,Black/African American,School 3
Denied,Black/African American,School 2
Denied,Black/African American,School 1
Denied,Black/African American,School 3
Denied,Black/African American,School 3
Denied,Black/African American,School 2
Denied,Black/African American,School 3
Denied,Black/African American,School 1
Denied,Black/African American,School 1
Denied,Black/African American,School 1
Denied,Black/African American,School 2
Denied,Black/African American,School 1
Denied,Black/African American,School 2
Denied,Black/African American,School 2
Denied,Black/African American,School 2
Denied,Black/African American,School 1
Denied,Black/African American,School 2
Denied,Black/African American,School 2
Denied,Black/African American,School 1
Denied,Black/African American,School 3
Denied,Black/African American,School 2
Denied,Black/African American,School 3
Denied,Black/African American,School 2
Denied,Black/African American,School 2
Denied,Black/African American,School 1
Denied,Black/African American,School 2
Denied,Black/African American,School 1
Denied,Black/African American,School 2
Denied,Black/African American,School 2
Denied,Black/African American,School 3
Denied,Black/African American,School 2
Denied,Black/African American,School 2
Denied,Black/African American,School 3
Denied,Black/African American,School 3
Denied,Black/African American,School 2
Denied,Black/African American,School 1
Denied,Black/African American,School 2
Denied,Black/African American,School 3
Denied,Black/African American,School 2
Denied,Black/African American,School 3
Denied,Black/African American,School 2
Denied,Black/African American,School 2
Denied,Black/African American,School 3
Denied,Black/African American,School 3
Denied,Black/African American,School 2
Denied,Black/African American,School 2
Denied,Black/African American,School 3
Denied,Black/African American,School 3
Denied,Black/African American,School 1
Denied,Asian,School 2
Denied,Asian,School 1
Denied,Asian,School 1
Denied,Asian,School 1
Denied,Asian,School 3
Denied,Asian,School 3
Denied,Asian,School 2
Denied,Asian,School 3
Denied,Asian,School 3
Denied,Asian,School 2
Denied,Asian,School 1
Denied,Asian,School 1
Denied,Asian,School 3
Denied,Asian,School 3
Denied,Asian,School 1
Denied,Asian,School 1
Denied,Asian,School 1
Denied,Asian,School 3
Denied,Asian,School 1
Denied,Asian,School 2
Denied,Asian,School 1
Denied,Asian,School 2
Denied,Asian,School 1
Denied,Asian,School 2
Denied,Asian,School 3
Denied,Asian,School 3
Denied,Asian,School 1
Denied,Asian,School 1
Denied,Asian,School 2
Denied,Asian,School 2
Denied,Asian,School 3
Denied,Asian,School 2
Denied,Asian,School 3
Denied,Asian,School 1
Denied,Asian,School 1
Denied,Asian,School 3
Denied,Asian,School 3
Denied,Asian,School 3
Denied,Asian,School 1
Denied,Asian,School 1
Denied,Asian,School 1
Denied,Asian,School 2
Denied,Asian,School 3
Denied,Asian,School 1
Denied,Asian,School 1
Denied,Asian,School 2
